"module name","version","licenses"
"@gulp-sourcemaps/identity-map@1.0.1","1.0.1","MIT"
"@gulp-sourcemaps/map-sources@1.0.0","1.0.0","MIT"
"@mapbox/polylabel@1.0.2","1.0.2","ISC"
"@mapbox/unitbezier@0.0.0","0.0.0","BSD-2-Clause"
"@mrmlnc/readdir-enhanced@2.2.1","2.2.1","MIT"
"@nodelib/fs.stat@1.1.2","1.1.2","MIT"
"@types/earcut@2.1.0","2.1.0","MIT"
"@types/events@1.2.0","1.2.0","MIT"
"@types/falcor-http-datasource@0.1.19","0.1.19","MIT"
"@types/falcor-json-graph@1.1.16","1.1.16","MIT"
"@types/falcor@0.1.22","0.1.22","MIT"
"@types/fs-extra@5.0.4","5.0.4","MIT"
"@types/glob@7.1.1","7.1.1","MIT"
"@types/handlebars@4.0.39","4.0.39","MIT"
"@types/highlight.js@9.12.3","9.12.3","MIT"
"@types/jasmine@2.8.9","2.8.9","MIT"
"@types/latlon-geohash@1.1.0","1.1.0","MIT"
"@types/lodash@4.14.116","4.14.116","MIT"
"@types/marked@0.4.2","0.4.2","MIT"
"@types/minimatch@3.0.3","3.0.3","MIT"
"@types/node@10.11.4","10.11.4","MIT"
"@types/pako@1.0.1","1.0.1","MIT"
"@types/rbush@2.0.2","2.0.2","MIT"
"@types/shelljs@0.8.0","0.8.0","MIT"
"@types/three@0.92.24","0.92.24","MIT"
"@types/virtual-dom@2.1.0","2.1.0","MIT"
"@types/when@2.4.33","2.4.33","MIT"
"JSONStream@1.3.1","1.3.1","(MIT OR Apache-2.0)"
"accepts@1.3.5","1.3.5","MIT"
"acorn-node@1.3.0","1.3.0","Apache-2.0"
"acorn@4.0.13","4.0.13","MIT"
"acorn@5.2.1","5.2.1","MIT"
"acorn@5.6.2","5.6.2","MIT"
"after@0.8.2","0.8.2","MIT"
"alphanum-sort@1.0.2","1.0.2","MIT"
"amdefine@1.0.1","1.0.1","BSD-3-Clause OR MIT"
"ansi-regex@2.1.1","2.1.1","MIT"
"ansi-regex@3.0.0","3.0.0","MIT"
"ansi-styles@2.2.1","2.2.1","MIT"
"ansi-styles@3.2.0","3.2.0","MIT"
"ansi-styles@3.2.1","3.2.1","MIT"
"any-promise@1.3.0","1.3.0","MIT"
"anymatch@1.3.0","1.3.0","ISC"
"anymatch@2.0.0","2.0.0","ISC"
"argparse@1.0.9","1.0.9","MIT"
"arr-diff@2.0.0","2.0.0","MIT"
"arr-diff@4.0.0","4.0.0","MIT"
"arr-flatten@1.0.3","1.0.3","MIT"
"arr-flatten@1.1.0","1.1.0","MIT"
"arr-union@3.1.0","3.1.0","MIT"
"array-differ@1.0.0","1.0.0","MIT"
"array-filter@0.0.1","0.0.1","MIT"
"array-flatten@1.1.1","1.1.1","MIT"
"array-from@2.1.1","2.1.1","MIT"
"array-map@0.0.0","0.0.0","MIT"
"array-reduce@0.0.0","0.0.0","MIT"
"array-slice@0.2.3","0.2.3","MIT"
"array-union@1.0.2","1.0.2","MIT"
"array-uniq@1.0.3","1.0.3","MIT"
"array-unique@0.2.1","0.2.1","MIT"
"array-unique@0.3.2","0.3.2","MIT"
"arraybuffer.slice@0.0.7","0.0.7","MIT"
"arrify@1.0.1","1.0.1","MIT"
"asap@2.0.3","2.0.3","MIT"
"asn1.js@4.9.1","4.9.1","MIT"
"assert@1.4.1","1.4.1","MIT"
"assign-symbols@1.0.0","1.0.0","MIT"
"astw@2.2.0","2.2.0","MIT"
"async-each@1.0.1","1.0.1","MIT"
"async-limiter@1.0.0","1.0.0","MIT"
"async@2.6.1","2.6.1","MIT"
"atob@2.1.1","2.1.1","(MIT OR Apache-2.0)"
"autoprefixer@9.1.5","9.1.5","MIT"
"babel-code-frame@6.26.0","6.26.0","MIT"
"backo2@1.0.2","1.0.2","MIT"
"balanced-match@1.0.0","1.0.0","MIT"
"base64-arraybuffer@0.1.5","0.1.5","MIT"
"base64-js@1.2.1","1.2.1","MIT"
"base64id@1.0.0","1.0.0","MIT"
"base@0.11.2","0.11.2","MIT"
"beeper@1.1.1","1.1.1","MIT"
"better-assert@1.0.2","1.0.2","MIT*"
"binary-extensions@1.8.0","1.8.0","MIT"
"blob@0.0.4","0.0.4","MIT*"
"bluebird@3.5.2","3.5.2","MIT"
"bn.js@4.11.7","4.11.7","MIT"
"body-parser@1.18.2","1.18.2","MIT"
"boolbase@1.0.0","1.0.0","ISC"
"brace-expansion@1.1.8","1.1.8","MIT"
"braces@0.1.5","0.1.5","MIT"
"braces@1.8.5","1.8.5","MIT"
"braces@2.3.2","2.3.2","MIT"
"brfs@2.0.1","2.0.1","MIT"
"brorand@1.1.0","1.1.0","MIT"
"browser-pack@6.0.2","6.0.2","MIT"
"browser-resolve@1.11.2","1.11.2","MIT"
"browser-split@0.0.1","0.0.1","MIT"
"browserify-aes@1.0.6","1.0.6","MIT"
"browserify-cipher@1.0.0","1.0.0","MIT"
"browserify-des@1.0.0","1.0.0","MIT"
"browserify-middleware@8.1.1","8.1.1","MIT"
"browserify-rsa@4.0.1","4.0.1","MIT"
"browserify-sign@4.0.4","4.0.4","ISC"
"browserify-zlib@0.2.0","0.2.0","MIT"
"browserify@16.2.2","16.2.2","MIT"
"browserify@16.2.3","16.2.3","MIT"
"browserslist@4.1.2","4.1.2","MIT"
"buffer-alloc-unsafe@1.1.0","1.1.0","MIT"
"buffer-alloc@1.2.0","1.2.0","MIT"
"buffer-equal@0.0.1","0.0.1","MIT"
"buffer-fill@1.0.0","1.0.0","MIT"
"buffer-from@1.1.0","1.1.0","MIT"
"buffer-xor@1.0.3","1.0.3","MIT"
"buffer@5.0.8","5.0.8","MIT"
"builtin-modules@1.1.1","1.1.1","MIT"
"builtin-status-codes@3.0.0","3.0.0","MIT"
"bytes@3.0.0","3.0.0","MIT"
"cache-base@1.0.1","1.0.1","MIT"
"cached-path-relative@1.0.2","1.0.2","MIT"
"call-me-maybe@1.0.1","1.0.1","MIT"
"callsite@1.0.0","1.0.0","MIT*"
"camelcase@4.1.0","4.1.0","MIT"
"camelize@1.0.0","1.0.0","MIT"
"caniuse-api@3.0.0","3.0.0","MIT"
"caniuse-lite@1.0.30000889","1.0.30000889","CC-BY-4.0"
"chalk@1.1.3","1.1.3","MIT"
"chalk@2.3.0","2.3.0","MIT"
"chalk@2.4.1","2.4.1","MIT"
"chokidar@1.7.0","1.7.0","MIT"
"chokidar@2.0.4","2.0.4","MIT"
"ci-info@1.6.0","1.6.0","MIT"
"cipher-base@1.0.3","1.0.3","MIT"
"circular-json@0.5.7","0.5.7","MIT"
"class-utils@0.3.6","0.3.6","MIT"
"cliui@4.1.0","4.1.0","ISC"
"clone-buffer@1.0.0","1.0.0","MIT"
"clone-stats@0.0.1","0.0.1","MIT"
"clone-stats@1.0.0","1.0.0","MIT"
"clone@1.0.2","1.0.2","MIT"
"clone@2.1.1","2.1.1","MIT"
"cloneable-readable@1.0.0","1.0.0","MIT"
"coa@2.0.1","2.0.1","MIT"
"code-point-at@1.1.0","1.1.0","MIT"
"collection-visit@1.0.0","1.0.0","MIT"
"color-convert@1.9.0","1.9.0","MIT"
"color-convert@1.9.3","1.9.3","MIT"
"color-name@1.1.2","1.1.2","MIT"
"color-name@1.1.3","1.1.3","MIT"
"color-string@1.5.3","1.5.3","MIT"
"color@3.0.0","3.0.0","MIT"
"colors@1.1.2","1.1.2","MIT"
"combine-lists@1.0.1","1.0.1","MIT"
"combine-source-map@0.7.2","0.7.2","MIT"
"commander@2.13.0","2.13.0","MIT"
"commander@2.17.1","2.17.1","MIT"
"commander@2.18.0","2.18.0","MIT"
"component-bind@1.0.0","1.0.0","MIT*"
"component-emitter@1.2.1","1.2.1","MIT"
"component-inherit@0.0.3","0.0.3","MIT*"
"concat-map@0.0.1","0.0.1","MIT"
"concat-stream@1.5.2","1.5.2","MIT"
"concat-stream@1.6.2","1.6.2","MIT"
"concat-with-sourcemaps@1.1.0","1.1.0","ISC"
"connect@3.6.6","3.6.6","MIT"
"console-browserify@1.1.0","1.1.0","MIT"
"constants-browserify@1.0.0","1.0.0","MIT"
"content-disposition@0.5.2","0.5.2","MIT"
"content-type@1.0.4","1.0.4","MIT"
"convert-source-map@1.1.3","1.1.3","MIT"
"convert-source-map@1.6.0","1.6.0","MIT"
"cookie-signature@1.0.6","1.0.6","MIT"
"cookie@0.3.1","0.3.1","MIT"
"copy-descriptor@0.1.1","0.1.1","MIT"
"core-js@2.5.7","2.5.7","MIT"
"core-util-is@1.0.2","1.0.2","MIT"
"cosmiconfig@2.1.3","2.1.3","MIT"
"cosmiconfig@4.0.0","4.0.0","MIT"
"cosmiconfig@5.0.6","5.0.6","MIT"
"create-ecdh@4.0.0","4.0.0","MIT"
"create-hash@1.1.3","1.1.3","MIT"
"create-hmac@1.1.6","1.1.6","MIT"
"cross-spawn@5.1.0","5.1.0","MIT"
"cross-spawn@6.0.5","6.0.5","MIT"
"crypto-browserify@3.11.0","3.11.0","MIT"
"css-color-names@0.0.4","0.0.4","MIT"
"css-declaration-sorter@4.0.1","4.0.1","MIT"
"css-select-base-adapter@0.1.0","0.1.0","MIT"
"css-select@2.0.0","2.0.0","BSD*"
"css-tree@1.0.0-alpha.28","1.0.0-alpha.28","MIT"
"css-tree@1.0.0-alpha.29","1.0.0-alpha.29","MIT"
"css-unit-converter@1.1.1","1.1.1","MIT"
"css-url-regex@1.1.0","1.1.0","MIT"
"css-what@2.1.0","2.1.0","BSD*"
"css@2.2.3","2.2.3","MIT"
"cssnano-preset-default@4.0.2","4.0.2","MIT"
"cssnano-util-get-arguments@4.0.0","4.0.0","MIT"
"cssnano-util-get-match@4.0.0","4.0.0","MIT"
"cssnano-util-raw-cache@4.0.1","4.0.1","MIT"
"cssnano-util-same-parent@4.0.1","4.0.1","MIT"
"cssnano@4.1.4","4.1.4","MIT"
"csso@3.5.1","3.5.1","MIT"
"custom-event@1.0.1","1.0.1","MIT"
"d@1.0.0","1.0.0","MIT"
"date-format@1.2.0","1.2.0","MIT"
"date-now@0.1.4","0.1.4","MIT"
"dateformat@2.2.0","2.2.0","MIT"
"debug-fabulous@0.2.1","0.2.1","MIT"
"debug@2.6.9","2.6.9","MIT"
"debug@3.1.0","3.1.0","MIT"
"debug@3.2.5","3.2.5","MIT"
"decamelize@2.0.0","2.0.0","MIT"
"decode-uri-component@0.2.0","0.2.0","MIT"
"deep-is@0.1.3","0.1.3","MIT"
"define-properties@1.1.3","1.1.3","MIT"
"define-property@0.2.5","0.2.5","MIT"
"define-property@1.0.0","1.0.0","MIT"
"define-property@2.0.2","2.0.2","MIT"
"defined@1.0.0","1.0.0","MIT"
"depd@1.1.1","1.1.1","MIT"
"depd@1.1.2","1.1.2","MIT"
"dependency-graph@0.7.2","0.7.2","MIT"
"deps-sort@2.0.0","2.0.0","MIT"
"des.js@1.0.0","1.0.0","MIT"
"destroy@1.0.4","1.0.4","MIT"
"detect-newline@2.1.0","2.1.0","MIT"
"detective@5.1.0","5.1.0","MIT"
"di@0.0.1","0.0.1","MIT"
"diff@3.5.0","3.5.0","BSD-3-Clause"
"diffie-hellman@5.0.2","5.0.2","MIT"
"dir-glob@2.0.0","2.0.0","MIT"
"dom-serialize@2.2.1","2.2.1","MIT"
"dom-serializer@0.1.0","0.1.0","MIT"
"dom-walk@0.1.1","0.1.1","MIT"
"domain-browser@1.2.0","1.2.0","MIT"
"domelementtype@1.1.3","1.1.3","BSD*"
"domelementtype@1.3.0","1.3.0","BSD*"
"domutils@1.7.0","1.7.0","BSD-2-Clause"
"dot-prop@4.2.0","4.2.0","MIT"
"duplexer2@0.0.2","0.0.2","BSD*"
"duplexer2@0.1.4","0.1.4","BSD-3-Clause"
"duplexify@3.5.1","3.5.1","MIT"
"earcut@2.1.3","2.1.3","ISC"
"ee-first@1.1.1","1.1.1","MIT"
"electron-to-chromium@1.3.73","1.3.73","ISC"
"elliptic@6.4.0","6.4.0","MIT"
"encodeurl@1.0.2","1.0.2","MIT"
"end-of-stream@1.4.0","1.4.0","MIT"
"engine.io-client@3.2.1","3.2.1","MIT"
"engine.io-parser@2.1.2","2.1.2","MIT"
"engine.io@3.2.0","3.2.0","MIT"
"ent@2.2.0","2.2.0","MIT"
"entities@1.1.1","1.1.1","BSD*"
"error-ex@1.3.1","1.3.1","MIT"
"error@4.4.0","4.4.0","MIT"
"es-abstract@1.12.0","1.12.0","MIT"
"es-to-primitive@1.2.0","1.2.0","MIT"
"es5-ext@0.10.35","0.10.35","MIT"
"es6-iterator@2.0.3","2.0.3","MIT"
"es6-map@0.1.5","0.1.5","MIT"
"es6-set@0.1.5","0.1.5","MIT"
"es6-symbol@3.1.1","3.1.1","MIT"
"es6-weak-map@2.0.2","2.0.2","MIT"
"escape-html@1.0.3","1.0.3","MIT"
"escape-string-regexp@1.0.5","1.0.5","MIT"
"escodegen@1.9.1","1.9.1","BSD-2-Clause"
"esprima@2.7.3","2.7.3","BSD-2-Clause"
"esprima@3.1.3","3.1.3","BSD-2-Clause"
"esprima@4.0.1","4.0.1","BSD-2-Clause"
"estraverse@4.2.0","4.2.0","BSD-2-Clause"
"estree-is-function@1.0.0","1.0.0","Apache-2.0"
"esutils@2.0.2","2.0.2","BSD"
"etag@1.8.1","1.8.1","MIT"
"ev-store@7.0.0","7.0.0","MIT"
"event-emitter@0.3.5","0.3.5","MIT"
"eventemitter3@3.1.0","3.1.0","MIT"
"events@2.1.0","2.1.0","MIT"
"evp_bytestokey@1.0.0","1.0.0","MIT"
"execa@0.10.0","0.10.0","MIT"
"execa@0.9.0","0.9.0","MIT"
"exorcist@1.0.1","1.0.1","MIT"
"expand-braces@0.1.2","0.1.2","MIT"
"expand-brackets@0.1.5","0.1.5","MIT"
"expand-brackets@2.1.4","2.1.4","MIT"
"expand-range@0.1.1","0.1.1","MIT"
"expand-range@1.8.2","1.8.2","MIT"
"express@4.16.3","4.16.3","MIT"
"extend-shallow@2.0.1","2.0.1","MIT"
"extend-shallow@3.0.2","3.0.2","MIT"
"extend@3.0.1","3.0.1","MIT"
"extglob@0.3.2","0.3.2","MIT"
"extglob@2.0.4","2.0.4","MIT"
"falcor-http-datasource@0.1.3","0.1.3","Apache*"
"falcor-json-graph@1.1.7","1.1.7","Apache*"
"falcor-path-syntax@0.2.4","0.2.4","UNKNOWN"
"falcor-path-utils@0.3.4","0.3.4","UNKNOWN"
"falcor@0.1.17","0.1.17","Apache License, Version 2.0"
"fancy-log@1.3.0","1.3.0","MIT"
"fast-glob@2.2.3","2.2.3","MIT"
"fast-levenshtein@2.0.6","2.0.6","MIT"
"filename-regex@2.0.1","2.0.1","MIT"
"fill-range@2.2.4","2.2.4","MIT"
"fill-range@4.0.0","4.0.0","MIT"
"finalhandler@1.1.0","1.1.0","MIT"
"finalhandler@1.1.1","1.1.1","MIT"
"find-up@3.0.0","3.0.0","MIT"
"first-chunk-stream@1.0.0","1.0.0","MIT"
"flatten@1.0.2","1.0.2","MIT"
"follow-redirects@1.5.8","1.5.8","MIT"
"for-in@1.0.2","1.0.2","MIT"
"for-own@0.1.5","0.1.5","MIT"
"fork-stream@0.0.4","0.0.4","BSD*"
"forwarded@0.1.2","0.1.2","MIT"
"fragment-cache@0.2.1","0.2.1","MIT"
"fresh@0.5.2","0.5.2","MIT"
"fs-access@1.0.1","1.0.1","MIT"
"fs-extra@7.0.0","7.0.0","MIT"
"fs.realpath@1.0.0","1.0.0","ISC"
"function-bind@1.1.0","1.1.0","MIT"
"function-bind@1.1.1","1.1.1","MIT"
"get-assigned-identifiers@1.2.0","1.2.0","Apache-2.0"
"get-caller-file@1.0.3","1.0.3","ISC"
"get-stdin@6.0.0","6.0.0","MIT"
"get-stream@3.0.0","3.0.0","MIT"
"get-value@2.0.6","2.0.6","MIT"
"glob-base@0.3.0","0.3.0","MIT"
"glob-parent@2.0.0","2.0.0","ISC"
"glob-parent@3.1.0","3.1.0","ISC"
"glob-stream@5.3.5","5.3.5","MIT"
"glob-to-regexp@0.3.0","0.3.0","BSD*"
"glob@5.0.15","5.0.15","ISC"
"glob@7.1.2","7.1.2","ISC"
"global@4.3.2","4.3.2","MIT"
"globby@8.0.1","8.0.1","MIT"
"glogg@1.0.0","1.0.0","MIT"
"graceful-fs@4.1.11","4.1.11","ISC"
"gulp-concat@2.6.1","2.6.1","MIT"
"gulp-if@2.0.2","2.0.2","MIT"
"gulp-match@1.0.3","1.0.3","MIT"
"gulp-plumber@1.1.0","1.1.0","MIT"
"gulp-postcss@7.0.0","7.0.0","MIT"
"gulp-sourcemaps@1.6.0","1.6.0","ISC"
"gulp-sourcemaps@2.6.1","2.6.1","ISC"
"gulp-tap@1.0.1","1.0.1","MIT"
"gulp-util@3.0.8","3.0.8","MIT"
"gulplog@1.0.0","1.0.0","MIT"
"handlebars@4.0.12","4.0.12","MIT"
"has-ansi@2.0.0","2.0.0","MIT"
"has-binary2@1.0.3","1.0.3","MIT"
"has-cors@1.1.0","1.1.0","MIT"
"has-flag@2.0.0","2.0.0","MIT"
"has-flag@3.0.0","3.0.0","MIT"
"has-gulplog@0.1.0","0.1.0","MIT"
"has-symbols@1.0.0","1.0.0","MIT"
"has-value@0.3.1","0.3.1","MIT"
"has-value@1.0.0","1.0.0","MIT"
"has-values@0.1.4","0.1.4","MIT"
"has-values@1.0.0","1.0.0","MIT"
"has@1.0.1","1.0.1","MIT"
"hash-base@2.0.2","2.0.2","MIT"
"hash.js@1.1.3","1.1.3","MIT"
"hat@0.0.3","0.0.3","MIT*"
"hex-color-regex@1.1.0","1.1.0","MIT"
"highlight.js@9.12.0","9.12.0","BSD-3-Clause"
"hmac-drbg@1.0.1","1.0.1","MIT"
"hosted-git-info@2.7.1","2.7.1","ISC"
"hsl-regex@1.0.0","1.0.0","MIT"
"hsla-regex@1.0.0","1.0.0","MIT"
"html-comment-regex@1.1.1","1.1.1","MIT"
"htmlescape@1.1.1","1.1.1","MIT"
"http-errors@1.6.2","1.6.2","MIT"
"http-proxy@1.17.0","1.17.0","MIT"
"https-browserify@1.0.0","1.0.0","MIT"
"husky@1.1.1","1.1.1","MIT"
"iconv-lite@0.4.19","0.4.19","MIT"
"ieee754@1.1.8","1.1.8","BSD-3-Clause"
"ignore@3.3.10","3.3.10","MIT"
"import-cwd@2.1.0","2.1.0","MIT"
"import-from@2.1.0","2.1.0","MIT"
"indexes-of@1.0.1","1.0.1","MIT"
"indexof@0.0.1","0.0.1","MIT*"
"individual@3.0.0","3.0.0","MIT"
"inflight@1.0.6","1.0.6","ISC"
"inherits@2.0.1","2.0.1","ISC"
"inherits@2.0.3","2.0.3","ISC"
"inline-source-map@0.6.2","0.6.2","MIT"
"insert-module-globals@7.0.1","7.0.1","MIT"
"interpret@1.1.0","1.1.0","MIT"
"invert-kv@2.0.0","2.0.0","MIT"
"ipaddr.js@1.6.0","1.6.0","MIT"
"is-absolute-url@2.1.0","2.1.0","MIT"
"is-accessor-descriptor@0.1.6","0.1.6","MIT"
"is-accessor-descriptor@1.0.0","1.0.0","MIT"
"is-arrayish@0.2.1","0.2.1","MIT"
"is-arrayish@0.3.2","0.3.2","MIT"
"is-binary-path@1.0.1","1.0.1","MIT"
"is-buffer@1.1.5","1.1.5","MIT"
"is-builtin-module@1.0.0","1.0.0","MIT"
"is-callable@1.1.4","1.1.4","MIT"
"is-ci@1.2.1","1.2.1","MIT"
"is-color-stop@1.1.0","1.1.0","MIT"
"is-data-descriptor@0.1.4","0.1.4","MIT"
"is-data-descriptor@1.0.0","1.0.0","MIT"
"is-date-object@1.0.1","1.0.1","MIT"
"is-descriptor@0.1.6","0.1.6","MIT"
"is-descriptor@1.0.2","1.0.2","MIT"
"is-directory@0.3.1","0.3.1","MIT"
"is-dotfile@1.0.3","1.0.3","MIT"
"is-equal-shallow@0.1.3","0.1.3","MIT"
"is-extendable@0.1.1","0.1.1","MIT"
"is-extendable@1.0.1","1.0.1","MIT"
"is-extglob@1.0.0","1.0.0","MIT"
"is-extglob@2.1.1","2.1.1","MIT"
"is-fullwidth-code-point@1.0.0","1.0.0","MIT"
"is-fullwidth-code-point@2.0.0","2.0.0","MIT"
"is-glob@2.0.1","2.0.1","MIT"
"is-glob@3.1.0","3.1.0","MIT"
"is-glob@4.0.0","4.0.0","MIT"
"is-number@0.1.1","0.1.1","MIT"
"is-number@2.1.0","2.1.0","MIT"
"is-number@3.0.0","3.0.0","MIT"
"is-number@4.0.0","4.0.0","MIT"
"is-obj@1.0.1","1.0.1","MIT"
"is-object@1.0.1","1.0.1","MIT"
"is-odd@2.0.0","2.0.0","MIT"
"is-plain-object@2.0.4","2.0.4","MIT"
"is-posix-bracket@0.1.1","0.1.1","MIT"
"is-primitive@2.0.0","2.0.0","MIT"
"is-promise@2.1.0","2.1.0","MIT"
"is-regex@1.0.4","1.0.4","MIT"
"is-resolvable@1.1.0","1.1.0","ISC"
"is-stream@1.1.0","1.1.0","MIT"
"is-svg@3.0.0","3.0.0","MIT"
"is-symbol@1.0.2","1.0.2","MIT"
"is-utf8@0.2.1","0.2.1","MIT"
"is-valid-glob@0.3.0","0.3.0","MIT"
"is-windows@1.0.2","1.0.2","MIT"
"isarray@0.0.1","0.0.1","MIT"
"isarray@1.0.0","1.0.0","MIT"
"isarray@2.0.1","2.0.1","MIT"
"isbinaryfile@3.0.3","3.0.3","MIT"
"isexe@2.0.0","2.0.0","ISC"
"isobject@2.1.0","2.1.0","MIT"
"isobject@3.0.1","3.0.1","MIT"
"jasmine-core@3.2.1","3.2.1","MIT"
"js-string-escape@1.0.1","1.0.1","MIT"
"js-tokens@3.0.2","3.0.2","MIT"
"js-yaml@3.12.0","3.12.0","MIT"
"js-yaml@3.7.0","3.7.0","MIT"
"json-parse-better-errors@1.0.2","1.0.2","MIT"
"json-stable-stringify@0.0.1","0.0.1","MIT"
"json-stable-stringify@1.0.1","1.0.1","MIT"
"jsonfile@4.0.0","4.0.0","MIT"
"jsonify@0.0.0","0.0.0","Public Domain"
"jsonparse@1.3.1","1.3.1","MIT"
"karma-browserify@5.3.0","5.3.0","MIT"
"karma-chrome-launcher@2.2.0","2.2.0","MIT"
"karma-firefox-launcher@1.1.0","1.1.0","MIT"
"karma-jasmine@1.1.2","1.1.2","MIT"
"karma@3.0.0","3.0.0","MIT"
"kind-of@3.2.2","3.2.2","MIT"
"kind-of@4.0.0","4.0.0","MIT"
"kind-of@5.1.0","5.1.0","MIT"
"kind-of@6.0.2","6.0.2","MIT"
"labeled-stream-splicer@2.0.0","2.0.0","MIT"
"latlon-geohash@1.1.0","1.1.0","MIT"
"lazystream@1.0.0","1.0.0","MIT"
"lcid@2.0.0","2.0.0","MIT"
"levn@0.3.0","0.3.0","MIT"
"lexical-scope@1.2.0","1.2.0","MIT"
"locate-path@3.0.0","3.0.0","MIT"
"lodash._basecopy@3.0.1","3.0.1","MIT"
"lodash._basetostring@3.0.1","3.0.1","MIT"
"lodash._basevalues@3.0.0","3.0.0","MIT"
"lodash._getnative@3.9.1","3.9.1","MIT"
"lodash._isiterateecall@3.0.9","3.0.9","MIT"
"lodash._reescape@3.0.0","3.0.0","MIT"
"lodash._reevaluate@3.0.0","3.0.0","MIT"
"lodash._reinterpolate@3.0.0","3.0.0","MIT"
"lodash._root@3.0.1","3.0.1","MIT"
"lodash.debounce@4.0.8","4.0.8","MIT"
"lodash.escape@3.2.0","3.2.0","MIT"
"lodash.isarguments@3.1.0","3.1.0","MIT"
"lodash.isarray@3.0.4","3.0.4","MIT"
"lodash.isequal@4.5.0","4.5.0","MIT"
"lodash.keys@3.1.2","3.1.2","MIT"
"lodash.memoize@3.0.4","3.0.4","MIT"
"lodash.memoize@4.1.2","4.1.2","MIT"
"lodash.restparam@3.6.1","3.6.1","MIT"
"lodash.template@3.6.2","3.6.2","MIT"
"lodash.templatesettings@3.1.1","3.1.1","MIT"
"lodash.uniq@4.5.0","4.5.0","MIT"
"lodash@4.17.10","4.17.10","MIT"
"log-symbols@2.2.0","2.2.0","MIT"
"log4js@3.0.5","3.0.5","Apache-2.0"
"lru-cache@2.2.4","2.2.4","MIT"
"lru-cache@4.1.3","4.1.3","ISC"
"lru-queue@0.1.0","0.1.0","MIT"
"magic-string@0.22.5","0.22.5","MIT"
"map-age-cleaner@0.1.2","0.1.2","MIT"
"map-cache@0.2.2","0.2.2","MIT"
"map-visit@1.0.0","1.0.0","MIT"
"mapillary-js@2.20.0","2.20.0","MIT"
"marked@0.4.0","0.4.0","MIT"
"martinez-polygon-clipping@0.5.0","0.5.0","MIT"
"math-random@1.0.1","1.0.1","MIT"
"mdn-data@1.1.4","1.1.4","MPL-2.0"
"media-typer@0.3.0","0.3.0","MIT"
"mem@4.0.0","4.0.0","MIT"
"memoizee@0.4.11","0.4.11","MIT"
"merge-descriptors@1.0.1","1.0.1","MIT"
"merge-source-map@1.0.4","1.0.4","MIT"
"merge-stream@1.0.1","1.0.1","MIT"
"merge2@1.2.2","1.2.2","MIT"
"methods@1.1.2","1.1.2","MIT"
"micromatch@2.3.11","2.3.11","MIT"
"micromatch@3.1.10","3.1.10","MIT"
"miller-rabin@4.0.0","4.0.0","MIT"
"mime-db@1.27.0","1.27.0","MIT"
"mime-db@1.33.0","1.33.0","MIT"
"mime-db@1.36.0","1.36.0","MIT"
"mime-types@2.1.15","2.1.15","MIT"
"mime-types@2.1.18","2.1.18","MIT"
"mime-types@2.1.20","2.1.20","MIT"
"mime@1.4.1","1.4.1","MIT"
"mime@2.3.1","2.3.1","MIT"
"mimic-fn@1.2.0","1.2.0","MIT"
"min-document@2.19.0","2.19.0","MIT"
"minimalistic-assert@1.0.0","1.0.0","ISC"
"minimalistic-crypto-utils@1.0.1","1.0.1","MIT"
"minimatch@3.0.4","3.0.4","ISC"
"minimist@0.0.10","0.0.10","MIT"
"minimist@0.0.5","0.0.5","MIT"
"minimist@0.0.8","0.0.8","MIT"
"minimist@1.2.0","1.2.0","MIT"
"mixin-deep@1.3.1","1.3.1","MIT"
"mkdirp@0.5.1","0.5.1","MIT"
"module-deps@6.1.0","6.1.0","MIT"
"mold-source-map@0.4.0","0.4.0","MIT"
"ms@2.0.0","2.0.0","MIT"
"ms@2.1.1","2.1.1","MIT"
"multipipe@0.1.2","0.1.2","MIT"
"nanomatch@1.2.9","1.2.9","MIT"
"negotiator@0.6.1","0.6.1","MIT"
"next-tick@0.2.2","0.2.2","MIT"
"next-tick@1.0.0","1.0.0","MIT"
"nice-try@1.0.5","1.0.5","MIT"
"node-releases@1.0.0-alpha.12","1.0.0-alpha.12","CC-BY-4.0"
"normalize-package-data@2.4.0","2.4.0","BSD-2-Clause"
"normalize-path@2.1.1","2.1.1","MIT"
"normalize-range@0.1.2","0.1.2","MIT"
"normalize-url@3.3.0","3.3.0","MIT"
"npm-run-path@2.0.2","2.0.2","MIT"
"nth-check@1.0.1","1.0.1","BSD*"
"null-check@1.0.0","1.0.0","MIT"
"num2fraction@1.2.2","1.2.2","MIT"
"number-is-nan@1.0.1","1.0.1","MIT"
"object-assign@3.0.0","3.0.0","MIT"
"object-assign@4.1.1","4.1.1","MIT"
"object-component@0.0.3","0.0.3","MIT*"
"object-copy@0.1.0","0.1.0","MIT"
"object-inspect@1.4.1","1.4.1","MIT"
"object-keys@1.0.12","1.0.12","MIT"
"object-visit@1.0.1","1.0.1","MIT"
"object.getownpropertydescriptors@2.0.3","2.0.3","MIT"
"object.omit@2.0.1","2.0.1","MIT"
"object.pick@1.3.0","1.3.0","MIT"
"object.values@1.0.4","1.0.4","MIT"
"on-finished@2.3.0","2.3.0","MIT"
"once@1.4.0","1.4.0","ISC"
"optimist@0.6.1","0.6.1","MIT*"
"optionator@0.8.2","0.8.2","MIT"
"ordered-read-streams@0.3.0","0.3.0","MIT"
"os-browserify@0.3.0","0.3.0","MIT"
"os-homedir@1.0.2","1.0.2","MIT"
"os-locale@3.0.1","3.0.1","MIT"
"os-shim@0.1.3","0.1.3","MIT"
"os-tmpdir@1.0.2","1.0.2","MIT"
"outpipe@1.1.1","1.1.1","MIT"
"p-defer@1.0.0","1.0.0","MIT"
"p-finally@1.0.0","1.0.0","MIT"
"p-is-promise@1.1.0","1.1.0","MIT"
"p-limit@2.0.0","2.0.0","MIT"
"p-locate@3.0.0","3.0.0","MIT"
"p-try@2.0.0","2.0.0","MIT"
"pako@1.0.10","1.0.10","(MIT AND Zlib)"
"parents@1.0.1","1.0.1","MIT"
"parse-asn1@5.1.0","5.1.0","ISC"
"parse-glob@3.0.4","3.0.4","MIT"
"parse-json@2.2.0","2.2.0","MIT"
"parse-json@4.0.0","4.0.0","MIT"
"parseqs@0.0.5","0.0.5","MIT"
"parseuri@0.0.5","0.0.5","MIT"
"parseurl@1.3.2","1.3.2","MIT"
"pascalcase@0.1.1","0.1.1","MIT"
"path-browserify@0.0.0","0.0.0","MIT"
"path-dirname@1.0.2","1.0.2","MIT"
"path-exists@3.0.0","3.0.0","MIT"
"path-is-absolute@1.0.1","1.0.1","MIT"
"path-key@2.0.1","2.0.1","MIT"
"path-parse@1.0.5","1.0.5","MIT"
"path-platform@0.11.15","0.11.15","MIT"
"path-to-regexp@0.1.7","0.1.7","MIT"
"path-type@3.0.0","3.0.0","MIT"
"pbf@3.1.0","3.1.0","BSD-3-Clause"
"pbkdf2@3.0.12","3.0.12","MIT"
"pify@2.3.0","2.3.0","MIT"
"pify@3.0.0","3.0.0","MIT"
"pkg-dir@3.0.0","3.0.0","MIT"
"please-upgrade-node@3.1.1","3.1.1","MIT"
"posix-character-classes@0.1.1","0.1.1","MIT"
"postcss-calc@6.0.2","6.0.2","MIT"
"postcss-cli@6.0.0","6.0.0","MIT"
"postcss-colormin@4.0.2","4.0.2","MIT"
"postcss-convert-values@4.0.1","4.0.1","MIT"
"postcss-discard-comments@4.0.1","4.0.1","MIT"
"postcss-discard-duplicates@4.0.2","4.0.2","MIT"
"postcss-discard-empty@4.0.1","4.0.1","MIT"
"postcss-discard-overridden@4.0.1","4.0.1","MIT"
"postcss-load-config@1.2.0","1.2.0","MIT"
"postcss-load-config@2.0.0","2.0.0","MIT"
"postcss-load-options@1.2.0","1.2.0","MIT"
"postcss-load-plugins@2.3.0","2.3.0","MIT"
"postcss-merge-longhand@4.0.6","4.0.6","MIT"
"postcss-merge-rules@4.0.2","4.0.2","MIT"
"postcss-middleware@1.1.4","1.1.4","MIT"
"postcss-minify-font-values@4.0.2","4.0.2","MIT"
"postcss-minify-gradients@4.0.1","4.0.1","MIT"
"postcss-minify-params@4.0.1","4.0.1","MIT"
"postcss-minify-selectors@4.0.1","4.0.1","MIT"
"postcss-normalize-charset@4.0.1","4.0.1","MIT"
"postcss-normalize-display-values@4.0.1","4.0.1","MIT"
"postcss-normalize-positions@4.0.1","4.0.1","MIT"
"postcss-normalize-repeat-style@4.0.1","4.0.1","MIT"
"postcss-normalize-string@4.0.1","4.0.1","MIT"
"postcss-normalize-timing-functions@4.0.1","4.0.1","MIT"
"postcss-normalize-unicode@4.0.1","4.0.1","MIT"
"postcss-normalize-url@4.0.1","4.0.1","MIT"
"postcss-normalize-whitespace@4.0.1","4.0.1","MIT"
"postcss-ordered-values@4.1.1","4.1.1","MIT"
"postcss-reduce-initial@4.0.2","4.0.2","MIT"
"postcss-reduce-transforms@4.0.1","4.0.1","MIT"
"postcss-reporter@5.0.0","5.0.0","MIT"
"postcss-selector-parser@2.2.3","2.2.3","MIT"
"postcss-selector-parser@3.1.1","3.1.1","MIT"
"postcss-svgo@4.0.1","4.0.1","MIT"
"postcss-unique-selectors@4.0.1","4.0.1","MIT"
"postcss-value-parser@3.3.0","3.3.0","MIT"
"postcss@6.0.14","6.0.14","MIT"
"postcss@7.0.5","7.0.5","MIT"
"prelude-ls@1.1.2","1.1.2","MIT"
"prepare-response@2.1.1","2.1.1","MIT"
"preserve@0.2.0","0.2.0","MIT"
"pretty-hrtime@1.0.3","1.0.3","MIT"
"process-nextick-args@1.0.7","1.0.7","MIT"
"process@0.11.10","0.11.10","MIT"
"process@0.5.2","0.5.2","MIT*"
"progress@2.0.0","2.0.0","MIT"
"promise@7.0.4","7.0.4","MIT"
"promise@8.0.1","8.0.1","MIT"
"protocol-buffers-schema@2.2.0","2.2.0","MIT"
"proxy-addr@2.0.3","2.0.3","MIT"
"pseudomap@1.0.2","1.0.2","ISC"
"public-encrypt@4.0.0","4.0.0","MIT"
"punycode@1.3.2","1.3.2","MIT"
"punycode@1.4.1","1.4.1","MIT"
"q@1.5.1","1.5.1","MIT"
"qjobs@1.2.0","1.2.0","MIT"
"qs@6.5.1","6.5.1","BSD-3-Clause"
"querystring-es3@0.2.1","0.2.1","MIT"
"querystring@0.2.0","0.2.0","MIT"
"quickselect@1.1.1","1.1.1","ISC"
"quote-stream@1.0.2","1.0.2","MIT"
"randomatic@3.0.0","3.0.0","MIT"
"randombytes@2.0.5","2.0.5","MIT"
"range-parser@1.2.0","1.2.0","MIT"
"raw-body@2.3.2","2.3.2","MIT"
"rbush@2.0.2","2.0.2","MIT"
"read-cache@1.0.0","1.0.0","MIT"
"read-only-stream@2.0.0","2.0.0","MIT"
"read-pkg@4.0.1","4.0.1","MIT"
"readable-stream@1.0.34","1.0.34","MIT"
"readable-stream@1.1.14","1.1.14","MIT"
"readable-stream@2.0.6","2.0.6","MIT"
"readable-stream@2.3.3","2.3.3","MIT"
"readdirp@2.1.0","2.1.0","MIT"
"rechoir@0.6.2","0.6.2","MIT"
"reduce-css-calc@2.1.5","2.1.5","MIT"
"regex-cache@0.4.3","0.4.3","MIT"
"regex-not@1.0.2","1.0.2","MIT"
"remove-trailing-separator@1.0.2","1.0.2","ISC"
"repeat-element@1.1.2","1.1.2","MIT"
"repeat-string@0.2.2","0.2.2","MIT"
"repeat-string@1.6.1","1.6.1","MIT"
"replace-ext@0.0.1","0.0.1","MIT"
"replace-ext@1.0.0","1.0.0","MIT"
"require-directory@2.1.1","2.1.1","MIT"
"require-from-string@1.2.1","1.2.1","MIT"
"require-from-string@2.0.2","2.0.2","MIT"
"require-main-filename@1.0.1","1.0.1","ISC"
"requires-port@1.0.0","1.0.0","MIT"
"resolve-from@3.0.0","3.0.0","MIT"
"resolve-protobuf-schema@2.0.0","2.0.0","MIT"
"resolve-url@0.2.1","0.2.1","MIT"
"resolve@1.1.7","1.1.7","MIT"
"resolve@1.3.3","1.3.3","MIT"
"resolve@1.8.1","1.8.1","MIT"
"ret@0.1.15","0.1.15","MIT"
"rfdc@1.1.2","1.1.2","MIT"
"rgb-regex@1.0.1","1.0.1","MIT"
"rgba-regex@1.0.0","1.0.0","MIT"
"rimraf@2.6.2","2.6.2","ISC"
"ripemd160@2.0.1","2.0.1","MIT"
"run-node@1.0.0","1.0.0","MIT"
"rx@2.5.3","2.5.3","Apache-2.0"
"rxjs@6.3.3","6.3.3","Apache-2.0"
"safe-buffer@5.1.1","5.1.1","MIT"
"safe-regex@1.1.0","1.1.0","MIT"
"sax@1.2.4","1.2.4","ISC"
"scope-analyzer@2.0.5","2.0.5","Apache-2.0"
"semver-compare@1.0.0","1.0.0","MIT"
"semver@5.5.0","5.5.0","ISC"
"semver@5.5.1","5.5.1","ISC"
"send@0.16.2","0.16.2","MIT"
"serve-static@1.13.2","1.13.2","MIT"
"set-blocking@2.0.0","2.0.0","ISC"
"set-immediate-shim@1.0.1","1.0.1","MIT"
"set-value@0.4.3","0.4.3","MIT"
"set-value@2.0.0","2.0.0","MIT"
"setprototypeof@1.0.3","1.0.3","ISC"
"setprototypeof@1.1.0","1.1.0","ISC"
"sha.js@2.4.8","2.4.8","MIT"
"shallow-copy@0.0.1","0.0.1","MIT"
"shasum@1.0.2","1.0.2","MIT"
"shebang-command@1.2.0","1.2.0","MIT"
"shebang-regex@1.0.0","1.0.0","MIT"
"shell-quote@1.6.1","1.6.1","MIT"
"shelljs@0.8.2","0.8.2","BSD-3-Clause"
"signal-exit@3.0.2","3.0.2","ISC"
"simple-swizzle@0.2.2","0.2.2","MIT"
"slash@1.0.0","1.0.0","MIT"
"slash@2.0.0","2.0.0","MIT"
"snapdragon-node@2.1.1","2.1.1","MIT"
"snapdragon-util@3.0.1","3.0.1","MIT"
"snapdragon@0.8.2","0.8.2","MIT"
"socket.io-adapter@1.1.1","1.1.1","MIT"
"socket.io-client@2.1.1","2.1.1","MIT"
"socket.io-parser@3.2.0","3.2.0","MIT"
"socket.io@2.1.1","2.1.1","MIT"
"source-map-resolve@0.5.2","0.5.2","MIT"
"source-map-url@0.4.0","0.4.0","MIT"
"source-map@0.1.43","0.1.43","BSD"
"source-map@0.5.6","0.5.6","BSD-3-Clause"
"source-map@0.6.1","0.6.1","BSD-3-Clause"
"sparkles@1.0.0","1.0.0","MIT"
"spdx-correct@3.0.2","3.0.2","Apache-2.0"
"spdx-exceptions@2.2.0","2.2.0","CC-BY-3.0"
"spdx-expression-parse@3.0.0","3.0.0","MIT"
"spdx-license-ids@3.0.1","3.0.1","CC0-1.0"
"splaytree@0.1.4","0.1.4","MIT"
"split-string@3.1.0","3.1.0","MIT"
"sprintf-js@1.0.3","1.0.3","BSD-3-Clause"
"stable@0.1.8","0.1.8","MIT"
"static-eval@2.0.0","2.0.0","MIT"
"static-extend@0.1.2","0.1.2","MIT"
"static-module@3.0.0","3.0.0","MIT"
"statuses@1.3.1","1.3.1","MIT"
"statuses@1.4.0","1.4.0","MIT"
"stream-browserify@2.0.1","2.0.1","MIT"
"stream-combiner2@1.1.1","1.1.1","MIT"
"stream-http@2.7.2","2.7.2","MIT"
"stream-shift@1.0.0","1.0.0","MIT"
"stream-splicer@2.0.0","2.0.0","MIT"
"streamroller@0.7.0","0.7.0","MIT"
"string-template@0.2.1","0.2.1","MIT"
"string-width@1.0.2","1.0.2","MIT"
"string-width@2.1.1","2.1.1","MIT"
"string_decoder@0.10.31","0.10.31","MIT"
"string_decoder@1.0.3","1.0.3","MIT"
"string_decoder@1.1.1","1.1.1","MIT"
"strip-ansi@3.0.1","3.0.1","MIT"
"strip-ansi@4.0.0","4.0.0","MIT"
"strip-bom-stream@1.0.0","1.0.0","MIT"
"strip-bom-string@1.0.0","1.0.0","MIT"
"strip-bom@2.0.0","2.0.0","MIT"
"strip-eof@1.0.0","1.0.0","MIT"
"strip-json-comments@2.0.1","2.0.1","MIT"
"stylehacks@4.0.1","4.0.1","MIT"
"subarg@1.0.0","1.0.0","MIT"
"supports-color@2.0.0","2.0.0","MIT"
"supports-color@4.5.0","4.5.0","MIT"
"supports-color@5.5.0","5.5.0","MIT"
"svgo@1.1.1","1.1.1","MIT"
"syntax-error@1.3.0","1.3.0","MIT"
"ternary-stream@2.0.1","2.0.1","MIT"
"three@0.95.0","0.95.0","MIT"
"through2-filter@2.0.0","2.0.0","MIT"
"through2@0.6.5","0.6.5","MIT"
"through2@2.0.3","2.0.3","MIT"
"through@2.2.7","2.2.7","MIT"
"through@2.3.8","2.3.8","MIT"
"time-stamp@1.1.0","1.1.0","MIT"
"timers-browserify@1.4.2","1.4.2","MIT"
"timers-ext@0.1.2","0.1.2","MIT"
"timsort@0.3.0","0.3.0","MIT"
"tinyqueue@1.2.2","1.2.2","ISC"
"tmp@0.0.33","0.0.33","MIT"
"to-absolute-glob@0.1.1","0.1.1","MIT"
"to-array@0.1.4","0.1.4","MIT"
"to-arraybuffer@1.0.1","1.0.1","MIT"
"to-object-path@0.3.0","0.3.0","MIT"
"to-regex-range@2.1.1","2.1.1","MIT"
"to-regex@3.0.2","3.0.2","MIT"
"tsconfig@5.0.3","5.0.3","MIT"
"tsify@4.0.0","4.0.0","MIT"
"tslib@1.9.2","1.9.2","Apache-2.0"
"tslint@5.11.0","5.11.0","Apache-2.0"
"tsutils@2.29.0","2.29.0","MIT"
"tty-browserify@0.0.1","0.0.1","MIT"
"type-check@0.3.2","0.3.2","MIT"
"type-is@1.6.15","1.6.15","MIT"
"type-is@1.6.16","1.6.16","MIT"
"typedarray@0.0.6","0.0.6","MIT"
"typedoc-default-themes@0.5.0","0.5.0","Apache-2.0"
"typedoc@0.12.0","0.12.0","Apache-2.0"
"typescript@3.0.3","3.0.3","Apache-2.0"
"typescript@3.1.1","3.1.1","Apache-2.0"
"uglify-es@3.3.9","3.3.9","BSD-2-Clause"
"uglify-js@3.4.9","3.4.9","BSD-2-Clause"
"ultron@1.1.1","1.1.1","MIT"
"umd@3.0.1","3.0.1","MIT"
"union-value@1.0.0","1.0.0","MIT"
"uniq@1.0.1","1.0.1","MIT"
"uniqs@2.0.0","2.0.0","MIT"
"unique-stream@2.2.1","2.2.1","MIT"
"universalify@0.1.0","0.1.0","MIT"
"unpipe@1.0.0","1.0.0","MIT"
"unquote@1.1.1","1.1.1","MIT"
"unset-value@1.0.0","1.0.0","MIT"
"upath@1.1.0","1.1.0","MIT"
"urix@0.1.0","0.1.0","MIT"
"url@0.11.0","0.11.0","MIT"
"use@3.1.0","3.1.0","MIT"
"useragent@2.2.1","2.2.1","MIT"
"util-deprecate@1.0.2","1.0.2","MIT"
"util.promisify@1.0.0","1.0.0","MIT"
"util@0.10.3","0.10.3","MIT"
"utils-merge@1.0.1","1.0.1","MIT"
"vali-date@1.0.0","1.0.0","MIT"
"validate-npm-package-license@3.0.4","3.0.4","Apache-2.0"
"vary@1.1.2","1.1.2","MIT"
"vendors@1.0.2","1.0.2","MIT"
"vinyl-fs@2.4.4","2.4.4","MIT"
"vinyl-sourcemaps-apply@0.2.1","0.2.1","ISC"
"vinyl@0.5.3","0.5.3","MIT"
"vinyl@1.2.0","1.2.0","MIT"
"vinyl@2.1.0","2.1.0","MIT"
"virtual-dom@2.1.1","2.1.1","MIT"
"vlq@0.2.3","0.2.3","MIT"
"vm-browserify@1.0.1","1.0.1","MIT"
"vm-browserify@1.1.0","1.1.0","MIT"
"void-elements@2.0.1","2.0.1","MIT"
"watchify@3.11.0","3.11.0","MIT"
"when@3.7.8","3.7.8","MIT"
"which-module@2.0.0","2.0.0","ISC"
"which@1.2.14","1.2.14","ISC"
"wordwrap@0.0.2","0.0.2","MIT*"
"wordwrap@1.0.0","1.0.0","MIT"
"wrap-ansi@2.1.0","2.1.0","MIT"
"wrappy@1.0.2","1.0.2","ISC"
"ws@3.3.3","3.3.3","MIT"
"x-is-array@0.1.0","0.1.0","MIT"
"x-is-string@0.1.0","0.1.0","MIT"
"xmlhttprequest-ssl@1.5.5","1.5.5","MIT"
"xmlhttprequest@1.8.0","1.8.0","MIT"
"xregexp@4.0.0","4.0.0","MIT"
"xtend@4.0.1","4.0.1","MIT"
"y18n@4.0.0","4.0.0","ISC"
"yallist@2.1.2","2.1.2","ISC"
"yargs-parser@10.1.0","10.1.0","ISC"
"yargs@12.0.2","12.0.2","MIT"
"yeast@0.1.2","0.1.2","MIT"